{
  "engine": "bm25",
  "split": "tune",
  "n": 40,
  "overall": {
    "recall@3": 0.9,
    "recall@5": 0.9291666666666666,
    "ndcg@5": 0.876629733348126,
    "mrr": 0.8794047619047618
  },
  "ci": {
    "metric": "ndcg@5",
    "lo": 0.801436894930509,
    "hi": 0.9418989772515568
  },
  "by_difficulty": {
    "Hard": {
      "n": 17,
      "recall@3": 0.8137254901960783,
      "recall@5": 0.8627450980392156,
      "ndcg@5": 0.7782590215274564,
      "mrr": 0.7750700280112044
    },
    "Medium": {
      "n": 20,
      "recall@3": 0.9583333333333333,
      "recall@5": 0.975,
      "ndcg@5": 0.9417392983979139,
      "mrr": 0.95
    },
    "Easy": {
      "n": 3,
      "recall@3": 1.0,
      "recall@5": 1.0,
      "ndcg@5": 1.0,
      "mrr": 1.0
    }
  },
  "by_category": {
    "Semantic Search": {
      "n": 12,
      "recall@3": 0.8472222222222222,
      "recall@5": 0.875,
      "ndcg@5": 0.8041408402138467,
      "mrr": 0.8035714285714285
    },
    "Location-Aware Search": {
      "n": 4,
      "recall@3": 0.875,
      "recall@5": 0.875,
      "ndcg@5": 0.9259795222585336,
      "mrr": 1.0
    },
    "Intent-Based Search": {
      "n": 6,
      "recall@3": 0.7777777777777777,
      "recall@5": 0.861111111111111,
      "ndcg@5": 0.7634522139001003,
      "mrr": 0.7555555555555555
    },
    "Attribute Search": {
      "n": 9,
      "recall@3": 1.0,
      "recall@5": 1.0,
      "ndcg@5": 0.9931730502272793,
      "mrr": 1.0
    },
    "Discovery Search": {
      "n": 3,
      "recall@3": 0.8888888888888888,
      "recall@5": 1.0,
      "ndcg@5": 0.7307701422928772,
      "mrr": 0.6666666666666666
    },
    "Category Search": {
      "n": 2,
      "recall@3": 1.0,
      "recall@5": 1.0,
      "ndcg@5": 1.0,
      "mrr": 1.0
    },
    "POI Search": {
      "n": 1,
      "recall@3": 1.0,
      "recall@5": 1.0,
      "ndcg@5": 1.0,
      "mrr": 1.0
    },
    "Mixed Language Search": {
      "n": 3,
      "recall@3": 1.0,
      "recall@5": 1.0,
      "ndcg@5": 1.0,
      "mrr": 1.0
    }
  },
  "per_query": [
    {
      "query_id": "P001",
      "recall@3": 0.6666666666666666,
      "recall@5": 1.0,
      "ndcg@5": 0.661235870074349,
      "mrr": 0.5
    },
    {
      "query_id": "P002",
      "recall@3": 0.5,
      "recall@5": 0.5,
      "ndcg@5": 0.7039180890341347,
      "mrr": 1.0
    },
    {
      "query_id": "P003",
      "recall@3": 0.6666666666666666,
      "recall@5": 0.6666666666666666,
      "ndcg@5": 0.894999002123018,
      "mrr": 1.0
    },
    {
      "query_id": "P006",
      "recall@3": 1.0,
      "recall@5": 1.0,
      "ndcg@5": 0.9385574520455129,
      "mrr": 1.0
    },
    {
      "query_id": "P007",
      "recall@3": 0.6666666666666666,
      "recall@5": 1.0,
      "ndcg@5": 0.9304509197357168,
      "mrr": 1.0
    },
    {
      "query_id": "P008",
      "recall@3": 1.0,
      "recall@5": 1.0,
      "ndcg@5": 1.0,
      "mrr": 1.0
    },
    {
      "query_id": "P009",
      "recall@3": 1.0,
      "recall@5": 1.0,
      "ndcg@5": 1.0,
      "mrr": 1.0
    },
    {
      "query_id": "P010",
      "recall@3": 1.0,
      "recall@5": 1.0,
      "ndcg@5": 1.0,
      "mrr": 1.0
    },
    {
      "query_id": "P011",
      "recall@3": 1.0,
      "recall@5": 1.0,
      "ndcg@5": 1.0,
      "mrr": 1.0
    },
    {
      "query_id": "P012",
      "recall@3": 1.0,
      "recall@5": 1.0,
      "ndcg@5": 1.0,
      "mrr": 1.0
    },
    {
      "query_id": "P013",
      "recall@3": 1.0,
      "recall@5": 1.0,
      "ndcg@5": 1.0,
      "mrr": 1.0
    },
    {
      "query_id": "P015",
      "recall@3": 1.0,
      "recall@5": 1.0,
      "ndcg@5": 1.0,
      "mrr": 1.0
    },
    {
      "query_id": "P016",
      "recall@3": 1.0,
      "recall@5": 1.0,
      "ndcg@5": 1.0,
      "mrr": 1.0
    },
    {
      "query_id": "P018",
      "recall@3": 1.0,
      "recall@5": 1.0,
      "ndcg@5": 1.0,
      "mrr": 1.0
    },
    {
      "query_id": "P019",
      "recall@3": 1.0,
      "recall@5": 1.0,
      "ndcg@5": 1.0,
      "mrr": 1.0
    },
    {
      "query_id": "P020",
      "recall@3": 1.0,
      "recall@5": 1.0,
      "ndcg@5": 1.0,
      "mrr": 1.0
    },
    {
      "query_id": "P021",
      "recall@3": 1.0,
      "recall@5": 1.0,
      "ndcg@5": 0.6309297535714574,
      "mrr": 0.5
    },
    {
      "query_id": "P025",
      "recall@3": 1.0,
      "recall@5": 1.0,
      "ndcg@5": 1.0,
      "mrr": 1.0
    },
    {
      "query_id": "P026",
      "recall@3": 1.0,
      "recall@5": 1.0,
      "ndcg@5": 0.5,
      "mrr": 0.3333333333333333
    },
    {
      "query_id": "P027",
      "recall@3": 1.0,
      "recall@5": 1.0,
      "ndcg@5": 0.9134015924715543,
      "mrr": 1.0
    },
    {
      "query_id": "P028",
      "recall@3": 1.0,
      "recall@5": 1.0,
      "ndcg@5": 1.0,
      "mrr": 1.0
    },
    {
      "query_id": "P029",
      "recall@3": 1.0,
      "recall@5": 1.0,
      "ndcg@5": 1.0,
      "mrr": 1.0
    },
    {
      "query_id": "P030",
      "recall@3": 1.0,
      "recall@5": 1.0,
      "ndcg@5": 1.0,
      "mrr": 1.0
    },
    {
      "query_id": "P031",
      "recall@3": 1.0,
      "recall@5": 1.0,
      "ndcg@5": 0.6309297535714574,
      "mrr": 0.5
    },
    {
      "query_id": "P033",
      "recall@3": 1.0,
      "recall@5": 1.0,
      "ndcg@5": 1.0,
      "mrr": 1.0
    },
    {
      "query_id": "P035",
      "recall@3": 1.0,
      "recall@5": 1.0,
      "ndcg@5": 1.0,
      "mrr": 1.0
    },
    {
      "query_id": "P036",
      "recall@3": 0.0,
      "recall@5": 0.0,
      "ndcg@5": 0.0,
      "mrr": 0.14285714285714285
    },
    {
      "query_id": "P037",
      "recall@3": 0.0,
      "recall@5": 0.5,
      "ndcg@5": 0.272312688806029,
      "mrr": 0.2
    },
    {
      "query_id": "P040",
      "recall@3": 1.0,
      "recall@5": 1.0,
      "ndcg@5": 1.0,
      "mrr": 1.0
    },
    {
      "query_id": "P041",
      "recall@3": 1.0,
      "recall@5": 1.0,
      "ndcg@5": 1.0,
      "mrr": 1.0
    },
    {
      "query_id": "P042",
      "recall@3": 0.5,
      "recall@5": 0.5,
      "ndcg@5": 0.44412286644879784,
      "mrr": 0.5
    },
    {
      "query_id": "P045",
      "recall@3": 1.0,
      "recall@5": 1.0,
      "ndcg@5": 0.9134015924715543,
      "mrr": 1.0
    },
    {
      "query_id": "P047",
      "recall@3": 1.0,
      "recall@5": 1.0,
      "ndcg@5": 1.0,
      "mrr": 1.0
    },
    {
      "query_id": "P049",
      "recall@3": 1.0,
      "recall@5": 1.0,
      "ndcg@5": 1.0,
      "mrr": 1.0
    },
    {
      "query_id": "P051",
      "recall@3": 1.0,
      "recall@5": 1.0,
      "ndcg@5": 1.0,
      "mrr": 1.0
    },
    {
      "query_id": "P053",
      "recall@3": 1.0,
      "recall@5": 1.0,
      "ndcg@5": 1.0,
      "mrr": 1.0
    },
    {
      "query_id": "P054",
      "recall@3": 1.0,
      "recall@5": 1.0,
      "ndcg@5": 1.0,
      "mrr": 1.0
    },
    {
      "query_id": "P055",
      "recall@3": 1.0,
      "recall@5": 1.0,
      "ndcg@5": 0.6309297535714574,
      "mrr": 0.5
    },
    {
      "query_id": "P056",
      "recall@3": 1.0,
      "recall@5": 1.0,
      "ndcg@5": 1.0,
      "mrr": 1.0
    },
    {
      "query_id": "P057",
      "recall@3": 1.0,
      "recall@5": 1.0,
      "ndcg@5": 1.0,
      "mrr": 1.0
    }
  ]
}