{
  "engine": "dense",
  "split": "tune",
  "n": 40,
  "overall": {
    "recall@3": 0.8916666666666666,
    "recall@5": 0.9291666666666666,
    "ndcg@5": 0.8812489229206195,
    "mrr": 0.9008333333333333
  },
  "ci": {
    "metric": "ndcg@5",
    "lo": 0.8172479606536422,
    "hi": 0.9375066980554161
  },
  "by_difficulty": {
    "Hard": {
      "n": 17,
      "recall@3": 0.8039215686274509,
      "recall@5": 0.892156862745098,
      "ndcg@5": 0.8422589249688635,
      "mrr": 0.884313725490196
    },
    "Medium": {
      "n": 20,
      "recall@3": 0.95,
      "recall@5": 0.95,
      "ndcg@5": 0.896577759617705,
      "mrr": 0.9
    },
    "Easy": {
      "n": 3,
      "recall@3": 1.0,
      "recall@5": 1.0,
      "ndcg@5": 1.0,
      "mrr": 1.0
    }
  },
  "by_category": {
    "Semantic Search": {
      "n": 12,
      "recall@3": 0.9166666666666666,
      "recall@5": 0.9166666666666666,
      "ndcg@5": 0.9238832006273704,
      "mrr": 0.9583333333333334
    },
    "Location-Aware Search": {
      "n": 4,
      "recall@3": 0.875,
      "recall@5": 0.875,
      "ndcg@5": 0.833711960651398,
      "mrr": 0.875
    },
    "Intent-Based Search": {
      "n": 6,
      "recall@3": 0.861111111111111,
      "recall@5": 0.9444444444444443,
      "ndcg@5": 0.9154985775317707,
      "mrr": 1.0
    },
    "Attribute Search": {
      "n": 9,
      "recall@3": 0.8333333333333334,
      "recall@5": 0.9444444444444444,
      "ndcg@5": 0.8989745440298529,
      "mrr": 0.911111111111111
    },
    "Discovery Search": {
      "n": 3,
      "recall@3": 1.0,
      "recall@5": 1.0,
      "ndcg@5": 0.7539531690476382,
      "mrr": 0.6666666666666666
    },
    "Category Search": {
      "n": 2,
      "recall@3": 1.0,
      "recall@5": 1.0,
      "ndcg@5": 1.0,
      "mrr": 1.0
    },
    "POI Search": {
      "n": 1,
      "recall@3": 1.0,
      "recall@5": 1.0,
      "ndcg@5": 1.0,
      "mrr": 1.0
    },
    "Mixed Language Search": {
      "n": 3,
      "recall@3": 0.8333333333333334,
      "recall@5": 0.8333333333333334,
      "ndcg@5": 0.6609629326961749,
      "mrr": 0.611111111111111
    }
  },
  "per_query": [
    {
      "query_id": "P001",
      "recall@3": 1.0,
      "recall@5": 1.0,
      "ndcg@5": 1.0,
      "mrr": 1.0
    },
    {
      "query_id": "P002",
      "recall@3": 0.5,
      "recall@5": 0.5,
      "ndcg@5": 0.7039180890341347,
      "mrr": 1.0
    },
    {
      "query_id": "P003",
      "recall@3": 0.6666666666666666,
      "recall@5": 0.6666666666666666,
      "ndcg@5": 0.7350069851388743,
      "mrr": 1.0
    },
    {
      "query_id": "P006",
      "recall@3": 0.5,
      "recall@5": 0.5,
      "ndcg@5": 0.7039180890341347,
      "mrr": 1.0
    },
    {
      "query_id": "P007",
      "recall@3": 1.0,
      "recall@5": 1.0,
      "ndcg@5": 1.0,
      "mrr": 1.0
    },
    {
      "query_id": "P008",
      "recall@3": 1.0,
      "recall@5": 1.0,
      "ndcg@5": 1.0,
      "mrr": 1.0
    },
    {
      "query_id": "P009",
      "recall@3": 0.0,
      "recall@5": 1.0,
      "ndcg@5": 0.38685280723454163,
      "mrr": 0.2
    },
    {
      "query_id": "P010",
      "recall@3": 1.0,
      "recall@5": 1.0,
      "ndcg@5": 1.0,
      "mrr": 1.0
    },
    {
      "query_id": "P011",
      "recall@3": 0.5,
      "recall@5": 1.0,
      "ndcg@5": 0.9060254355346823,
      "mrr": 1.0
    },
    {
      "query_id": "P012",
      "recall@3": 1.0,
      "recall@5": 1.0,
      "ndcg@5": 1.0,
      "mrr": 1.0
    },
    {
      "query_id": "P013",
      "recall@3": 1.0,
      "recall@5": 1.0,
      "ndcg@5": 1.0,
      "mrr": 1.0
    },
    {
      "query_id": "P015",
      "recall@3": 1.0,
      "recall@5": 1.0,
      "ndcg@5": 1.0,
      "mrr": 1.0
    },
    {
      "query_id": "P016",
      "recall@3": 1.0,
      "recall@5": 1.0,
      "ndcg@5": 1.0,
      "mrr": 1.0
    },
    {
      "query_id": "P018",
      "recall@3": 1.0,
      "recall@5": 1.0,
      "ndcg@5": 1.0,
      "mrr": 1.0
    },
    {
      "query_id": "P019",
      "recall@3": 1.0,
      "recall@5": 1.0,
      "ndcg@5": 1.0,
      "mrr": 1.0
    },
    {
      "query_id": "P020",
      "recall@3": 1.0,
      "recall@5": 1.0,
      "ndcg@5": 1.0,
      "mrr": 1.0
    },
    {
      "query_id": "P021",
      "recall@3": 1.0,
      "recall@5": 1.0,
      "ndcg@5": 0.6309297535714574,
      "mrr": 0.5
    },
    {
      "query_id": "P025",
      "recall@3": 1.0,
      "recall@5": 1.0,
      "ndcg@5": 1.0,
      "mrr": 1.0
    },
    {
      "query_id": "P026",
      "recall@3": 1.0,
      "recall@5": 1.0,
      "ndcg@5": 1.0,
      "mrr": 1.0
    },
    {
      "query_id": "P027",
      "recall@3": 1.0,
      "recall@5": 1.0,
      "ndcg@5": 0.9385574520455129,
      "mrr": 1.0
    },
    {
      "query_id": "P028",
      "recall@3": 1.0,
      "recall@5": 1.0,
      "ndcg@5": 1.0,
      "mrr": 1.0
    },
    {
      "query_id": "P029",
      "recall@3": 1.0,
      "recall@5": 1.0,
      "ndcg@5": 1.0,
      "mrr": 1.0
    },
    {
      "query_id": "P030",
      "recall@3": 1.0,
      "recall@5": 1.0,
      "ndcg@5": 1.0,
      "mrr": 1.0
    },
    {
      "query_id": "P031",
      "recall@3": 1.0,
      "recall@5": 1.0,
      "ndcg@5": 1.0,
      "mrr": 1.0
    },
    {
      "query_id": "P033",
      "recall@3": 0.5,
      "recall@5": 0.5,
      "ndcg@5": 0.35195904451706733,
      "mrr": 0.3333333333333333
    },
    {
      "query_id": "P035",
      "recall@3": 1.0,
      "recall@5": 1.0,
      "ndcg@5": 0.6309297535714574,
      "mrr": 0.5
    },
    {
      "query_id": "P036",
      "recall@3": 0.5,
      "recall@5": 0.5,
      "ndcg@5": 0.7039180890341347,
      "mrr": 1.0
    },
    {
      "query_id": "P037",
      "recall@3": 1.0,
      "recall@5": 1.0,
      "ndcg@5": 0.9385574520455129,
      "mrr": 1.0
    },
    {
      "query_id": "P040",
      "recall@3": 1.0,
      "recall@5": 1.0,
      "ndcg@5": 0.6309297535714574,
      "mrr": 0.5
    },
    {
      "query_id": "P041",
      "recall@3": 1.0,
      "recall@5": 1.0,
      "ndcg@5": 1.0,
      "mrr": 1.0
    },
    {
      "query_id": "P042",
      "recall@3": 0.5,
      "recall@5": 0.5,
      "ndcg@5": 0.44412286644879784,
      "mrr": 0.5
    },
    {
      "query_id": "P045",
      "recall@3": 1.0,
      "recall@5": 1.0,
      "ndcg@5": 0.9134015924715543,
      "mrr": 1.0
    },
    {
      "query_id": "P047",
      "recall@3": 1.0,
      "recall@5": 1.0,
      "ndcg@5": 1.0,
      "mrr": 1.0
    },
    {
      "query_id": "P049",
      "recall@3": 1.0,
      "recall@5": 1.0,
      "ndcg@5": 1.0,
      "mrr": 1.0
    },
    {
      "query_id": "P051",
      "recall@3": 1.0,
      "recall@5": 1.0,
      "ndcg@5": 1.0,
      "mrr": 1.0
    },
    {
      "query_id": "P053",
      "recall@3": 1.0,
      "recall@5": 1.0,
      "ndcg@5": 1.0,
      "mrr": 1.0
    },
    {
      "query_id": "P054",
      "recall@3": 1.0,
      "recall@5": 1.0,
      "ndcg@5": 1.0,
      "mrr": 1.0
    },
    {
      "query_id": "P055",
      "recall@3": 1.0,
      "recall@5": 1.0,
      "ndcg@5": 0.6309297535714574,
      "mrr": 0.5
    },
    {
      "query_id": "P056",
      "recall@3": 1.0,
      "recall@5": 1.0,
      "ndcg@5": 1.0,
      "mrr": 1.0
    },
    {
      "query_id": "P057",
      "recall@3": 1.0,
      "recall@5": 1.0,
      "ndcg@5": 1.0,
      "mrr": 1.0
    }
  ]
}