{
  "engine": "random",
  "split": "tune",
  "n": 40,
  "overall": {
    "recall@3": 0.0,
    "recall@5": 0.0125,
    "ndcg@5": 0.005052683662513689,
    "mrr": 0.03231117927280342
  },
  "ci": {
    "metric": "ndcg@5",
    "lo": 0.0,
    "hi": 0.015158050987541066
  },
  "by_difficulty": {
    "Hard": {
      "n": 17,
      "recall@3": 0.0,
      "recall@5": 0.029411764705882353,
      "ndcg@5": 0.011888667441208681,
      "mrr": 0.03999274175219566
    },
    "Medium": {
      "n": 20,
      "recall@3": 0.0,
      "recall@5": 0.0,
      "ndcg@5": 0.0,
      "mrr": 0.028498710612021434
    },
    "Easy": {
      "n": 3,
      "recall@3": 0.0,
      "recall@5": 0.0,
      "ndcg@5": 0.0,
      "mrr": 0.014198782961460446
    }
  },
  "by_category": {
    "Semantic Search": {
      "n": 12,
      "recall@3": 0.0,
      "recall@5": 0.0,
      "ndcg@5": 0.0,
      "mrr": 0.025129846908832864
    },
    "Location-Aware Search": {
      "n": 4,
      "recall@3": 0.0,
      "recall@5": 0.0,
      "ndcg@5": 0.0,
      "mrr": 0.037775592463092464
    },
    "Intent-Based Search": {
      "n": 6,
      "recall@3": 0.0,
      "recall@5": 0.08333333333333333,
      "ndcg@5": 0.033684557750091264,
      "mrr": 0.06120083567511814
    },
    "Attribute Search": {
      "n": 9,
      "recall@3": 0.0,
      "recall@5": 0.0,
      "ndcg@5": 0.0,
      "mrr": 0.027511660355907505
    },
    "Discovery Search": {
      "n": 3,
      "recall@3": 0.0,
      "recall@5": 0.0,
      "ndcg@5": 0.0,
      "mrr": 0.020464432686654908
    },
    "Category Search": {
      "n": 2,
      "recall@3": 0.0,
      "recall@5": 0.0,
      "ndcg@5": 0.0,
      "mrr": 0.015362511052166225
    },
    "POI Search": {
      "n": 1,
      "recall@3": 0.0,
      "recall@5": 0.0,
      "ndcg@5": 0.0,
      "mrr": 0.0196078431372549
    },
    "Mixed Language Search": {
      "n": 3,
      "recall@3": 0.0,
      "recall@5": 0.0,
      "ndcg@5": 0.0,
      "mrr": 0.03775017253278123
    }
  },
  "per_query": [
    {
      "query_id": "P001",
      "recall@3": 0.0,
      "recall@5": 0.0,
      "ndcg@5": 0.0,
      "mrr": 0.047619047619047616
    },
    {
      "query_id": "P002",
      "recall@3": 0.0,
      "recall@5": 0.0,
      "ndcg@5": 0.0,
      "mrr": 0.027777777777777776
    },
    {
      "query_id": "P003",
      "recall@3": 0.0,
      "recall@5": 0.0,
      "ndcg@5": 0.0,
      "mrr": 0.014492753623188406
    },
    {
      "query_id": "P006",
      "recall@3": 0.0,
      "recall@5": 0.0,
      "ndcg@5": 0.0,
      "mrr": 0.020833333333333332
    },
    {
      "query_id": "P007",
      "recall@3": 0.0,
      "recall@5": 0.0,
      "ndcg@5": 0.0,
      "mrr": 0.03571428571428571
    },
    {
      "query_id": "P008",
      "recall@3": 0.0,
      "recall@5": 0.0,
      "ndcg@5": 0.0,
      "mrr": 0.03125
    },
    {
      "query_id": "P009",
      "recall@3": 0.0,
      "recall@5": 0.0,
      "ndcg@5": 0.0,
      "mrr": 0.023809523809523808
    },
    {
      "query_id": "P010",
      "recall@3": 0.0,
      "recall@5": 0.0,
      "ndcg@5": 0.0,
      "mrr": 0.019230769230769232
    },
    {
      "query_id": "P011",
      "recall@3": 0.0,
      "recall@5": 0.0,
      "ndcg@5": 0.0,
      "mrr": 0.058823529411764705
    },
    {
      "query_id": "P012",
      "recall@3": 0.0,
      "recall@5": 0.0,
      "ndcg@5": 0.0,
      "mrr": 0.012987012987012988
    },
    {
      "query_id": "P013",
      "recall@3": 0.0,
      "recall@5": 0.0,
      "ndcg@5": 0.0,
      "mrr": 0.009708737864077669
    },
    {
      "query_id": "P015",
      "recall@3": 0.0,
      "recall@5": 0.0,
      "ndcg@5": 0.0,
      "mrr": 0.012195121951219513
    },
    {
      "query_id": "P016",
      "recall@3": 0.0,
      "recall@5": 0.0,
      "ndcg@5": 0.0,
      "mrr": 0.07142857142857142
    },
    {
      "query_id": "P018",
      "recall@3": 0.0,
      "recall@5": 0.0,
      "ndcg@5": 0.0,
      "mrr": 0.011494252873563218
    },
    {
      "query_id": "P019",
      "recall@3": 0.0,
      "recall@5": 0.0,
      "ndcg@5": 0.0,
      "mrr": 0.024390243902439025
    },
    {
      "query_id": "P020",
      "recall@3": 0.0,
      "recall@5": 0.0,
      "ndcg@5": 0.0,
      "mrr": 0.009259259259259259
    },
    {
      "query_id": "P021",
      "recall@3": 0.0,
      "recall@5": 0.0,
      "ndcg@5": 0.0,
      "mrr": 0.012345679012345678
    },
    {
      "query_id": "P025",
      "recall@3": 0.0,
      "recall@5": 0.0,
      "ndcg@5": 0.0,
      "mrr": 0.015151515151515152
    },
    {
      "query_id": "P026",
      "recall@3": 0.0,
      "recall@5": 0.0,
      "ndcg@5": 0.0,
      "mrr": 0.012345679012345678
    },
    {
      "query_id": "P027",
      "recall@3": 0.0,
      "recall@5": 0.0,
      "ndcg@5": 0.0,
      "mrr": 0.015384615384615385
    },
    {
      "query_id": "P028",
      "recall@3": 0.0,
      "recall@5": 0.0,
      "ndcg@5": 0.0,
      "mrr": 0.02631578947368421
    },
    {
      "query_id": "P029",
      "recall@3": 0.0,
      "recall@5": 0.0,
      "ndcg@5": 0.0,
      "mrr": 0.03333333333333333
    },
    {
      "query_id": "P030",
      "recall@3": 0.0,
      "recall@5": 0.0,
      "ndcg@5": 0.0,
      "mrr": 0.0196078431372549
    },
    {
      "query_id": "P031",
      "recall@3": 0.0,
      "recall@5": 0.0,
      "ndcg@5": 0.0,
      "mrr": 0.037037037037037035
    },
    {
      "query_id": "P033",
      "recall@3": 0.0,
      "recall@5": 0.0,
      "ndcg@5": 0.0,
      "mrr": 0.06666666666666667
    },
    {
      "query_id": "P035",
      "recall@3": 0.0,
      "recall@5": 0.0,
      "ndcg@5": 0.0,
      "mrr": 0.010869565217391304
    },
    {
      "query_id": "P036",
      "recall@3": 0.0,
      "recall@5": 0.0,
      "ndcg@5": 0.0,
      "mrr": 0.03571428571428571
    },
    {
      "query_id": "P037",
      "recall@3": 0.0,
      "recall@5": 0.0,
      "ndcg@5": 0.0,
      "mrr": 0.00980392156862745
    },
    {
      "query_id": "P040",
      "recall@3": 0.0,
      "recall@5": 0.0,
      "ndcg@5": 0.0,
      "mrr": 0.07692307692307693
    },
    {
      "query_id": "P041",
      "recall@3": 0.0,
      "recall@5": 0.0,
      "ndcg@5": 0.0,
      "mrr": 0.03125
    },
    {
      "query_id": "P042",
      "recall@3": 0.0,
      "recall@5": 0.0,
      "ndcg@5": 0.0,
      "mrr": 0.024390243902439025
    },
    {
      "query_id": "P045",
      "recall@3": 0.0,
      "recall@5": 0.5,
      "ndcg@5": 0.20210734650054757,
      "mrr": 0.25
    },
    {
      "query_id": "P047",
      "recall@3": 0.0,
      "recall@5": 0.0,
      "ndcg@5": 0.0,
      "mrr": 0.03571428571428571
    },
    {
      "query_id": "P049",
      "recall@3": 0.0,
      "recall@5": 0.0,
      "ndcg@5": 0.0,
      "mrr": 0.011494252873563218
    },
    {
      "query_id": "P051",
      "recall@3": 0.0,
      "recall@5": 0.0,
      "ndcg@5": 0.0,
      "mrr": 0.043478260869565216
    },
    {
      "query_id": "P053",
      "recall@3": 0.0,
      "recall@5": 0.0,
      "ndcg@5": 0.0,
      "mrr": 0.009345794392523364
    },
    {
      "query_id": "P054",
      "recall@3": 0.0,
      "recall@5": 0.0,
      "ndcg@5": 0.0,
      "mrr": 0.014705882352941176
    },
    {
      "query_id": "P055",
      "recall@3": 0.0,
      "recall@5": 0.0,
      "ndcg@5": 0.0,
      "mrr": 0.013333333333333334
    },
    {
      "query_id": "P056",
      "recall@3": 0.0,
      "recall@5": 0.0,
      "ndcg@5": 0.0,
      "mrr": 0.021739130434782608
    },
    {
      "query_id": "P057",
      "recall@3": 0.0,
      "recall@5": 0.0,
      "ndcg@5": 0.0,
      "mrr": 0.034482758620689655
    }
  ]
}